Linear Regression,Ridge Regression,ElasticNet,Lasso Regression,Gradient Boosting,Random Forest,XGBoost
inf,3220142.7393265115,128546.68518792333,128561.47235481004,131960.57288716477,155011.68861780938,127071.73
inf,54735737.806710765,160829.03278041614,160799.50928322022,165283.77535991755,177164.51518601464,172948.47
inf,18784139.054522544,183471.492437387,183642.66412879972,190557.71954781376,207812.65971683196,177948.03
inf,50605071.486877605,199524.596425288,199584.72731733375,191485.72998277412,209749.74091163877,181310.56
